target,text
1,ูู ูุฏูู ุงุฎุฑ ูุนูููุงุช ุนู ุนุจูุฑ
1,ูู  ุชุฑุงุซ ูุบุฑุจู ุญูููู ุงุตูู ูู
1,ุงุจูู ูุจูู ุงุจูู .. ุญุชู ููู ูู ููุฏู ุงููู ุดูุง
1,ูููุง ูุงู ุงุจูู ูุง ูุจูู ุงุจูู ูููุง ูุนูุช ูู ููุง ุชูุนู ูุซู ูุง ูุนู ูู
1,ุดูุง ูุตุฏููู ุงูุง ูู ุงููู ูุชูุชุฑุญูุง ุนููู ุงุณุงูู ุจุตูู ููุฑุงู
1,ูุง ุงุฎูุงู ููู ุชุนูููุง ูุนู ูุง ุงุณูู ุญูููู ูุงูู ูุญุฏ ุงูุง ุงุฎูู ูุง ูุง ุงุนุฑู ุงุณูู ุญูููู
0,ูู ุตุญุงุจ ุตุญุงุจู ูุงุดูู
1,ูุฑุฌู ุญูุงูู ูุดุงู ุฑุงู ูุนูุฏู ุญุฏ ูู ุถุญูู
1,ุญุณุจู ูู ููุนู ูููู ูุงุญูู ููุงููู ุงุจุงูู ุนูู ุนุธูู ุชุญูุงุชู ูุชูุฏูุฑู ูุงุญุชุฑุงูู ูุงุฎ ูุงุฎุช ุณููุฑู ุงุฎุชู ูู ูุฑูุณุง
1,ูุฌุจ ุญูุงูู ูุดุงู ูุฎุงุตู ุชุฎูู ูุฏููู ูู ูุชุง ูููุง ูู ุงุญุณู
1,ูุฌุจ ุญูุงูู ูุฏุง ุดุงุจ ูุงูู ูุชููู ุชูุฏูุฏุงุช ูุถุบูุทุงุช  ูู ูุญูุถู ูุณููู ๐๐คฒโค๏ธ
1,ุญูุงูู ูุดุงู ุญูุงูู ูุดุงู ุญูุงูู ูุดุงู ูุง ุฑุจู ุชุญููู ูุง ุฑุจู  ูุฏุดู ูู ููุทุฑุง ุฑุถู ุฎุตู  ุญุจุณ  ุฏุจูุญู
1,ูุฌุจ ุนููู ุงู ูุชุนุฏู ุนูู ูุณุชูุทููู
1,ุชุญูุงุชู ูุงูุงุญุชุฑูุงุชู ูุงูุชูุฏูุฑู ุฑุฌุงู ุงูู ูู ูุญูุธูู ูู ูู ููุฑูู ูู ูุนูู
1,ุงุฎููู ุนุจุฏ ุตุงุฏู ุนูุณุงูู ูุญุจูู ุฌููุนุง  ูููู ููู ุชูููู ูุงููุฌุงุญ ๐ค๐
1,ุณูุงู ุนูููู ูุงุฏู ูุตุทูู ุดููุฑ ุทุงูุณู ูู ููุง ููููู ุฑุฏูุง ููููุง ุงุชููู ููู ุชูููู ูุงููุฌุงุญ ูุงูุตุญู ูุงูุนุงููู ูุทูู ุนูุฑ ููู ุนุงู ูุงูุชู ุจุงูู ุฎูุฑ
1,ุณูุงู ุนูููู ุฎูุชู ุนูููู ููุฑุง ุดูู ุชููู
1,ุณูุงู ุจุบูุช ููุฑุชูุง ูู ูุชุนุฑููุง ุชุจุงุณู ูู ููุฑุง ุชุนุงูุง
1,ุชุญูุงุชู ูุบุฑุจู ุงุญุฑุงุฑ ูู ูููู ุงุณูุงู  ุฑูุญ ููุงุทูู ุฌุฒุงูู ูู ุฎูุฑุง โค๏ธ๐
1,ุชุญูุงุชู ูู ุฌุฒุงุงุฑ ูู ูุนุงู ุงูุดุงูู
1,ูู ูุญูุธู ูุฑุถูู  ุฌูููู  ูุณุชุฑู  ุจูุช ุฌูููู ุนุจูุฑ ุจู ุชูููู ุงู ุดุงุง ูู ูู ุญูุงุชู ๐๐๐๐๐๐๐๐ฏ๐ฏ๐ฏ
0,ุณููู ููุงุชูู ูุงุดู ุดูู ุชููู ุณููุชูุง ูุญุถู ูุน ุชููู
0,ุฏุนุงุฑู ูุบูุฑูู ูุญุจู ุชูู ุนูููู ๐ฒ๐ฆ๐ณ๏ธโ๐๐
1,ูุตุฑู ุตุนูุฏู ูุฑ ูู ููุง ุชุญูุงุชู
0,Nek โกโ
0,ููุงู ุนููู ููู ูุงูุช ูุนุงู ูู ุฏููุฑ ุฌุจู ููู ุจูููุณ ูุดููููุง ุงูุชู ูุทููู ูุทููู
0,ุงุจูู ููููู ุญุดูุด ุทูุจ ูู ูุนุงูุง ุฑุจ ูุนูู ุนููู ุงุฑุฌููู ุงุญุจุงุจู ุนุฒุงุฒ
1,ูุฏ  ูู  ููุฏูู  ูู  ุฌุฒุงูุฑ
1,ุณูุงู ุนูููู ูุจุณ ุนููู ุนูุงุดุฑ ูุจุฑูู
1,ูู ุงูุฏูู ุฎููุง ูููู ููุฏุนู ูุนุงู ุงูุนุฒูุฒ ุนูู ูุนุฑูุชุด ุนูุงุด
1,ุชุจุงุฑู ูู ุงุฎูุงู ุฑููุนู ูุจูุงูู ูู ูู ุงุญุชุฑุงู
1,ุชุญูุงุชู ูู ูุฏููู ูุงุณ ุฌููุน ุญุถูุฑ ูุงูุงุฎ ุณููุงู ุจูุงูู ุจุทู ุฏูุงููุง
0,Chouha tv chawahtou bina
0,Hada bayna fih rara9  kdab
1,Mskin b9a fiya khyf lyxouf mn halo
1,Kelb ghadi l7abs hhhh
1,Polis  bravo
0,Al az lpolis
0,Hada kalb fmataycha
1,๐๐๐๐๐๐
1,Allah yissahal 3lik
1,Lah ybarak aelik ou rebi yahafdak ya zina
1,Ajiiiiii Le OUROPA TDiii SoKNaaa OXaHRiYa
0,shof tv shoohha
0,Vaccine is  poison
0,Chi hawya
1,Slm ana weld lmohammedia omkrahtx nat3arf 3lik hadaf zawaj
1,Ghzalaaaaa mchalh  lay sahl alik yarbi
0,Ach had lkhra
1,๐ข๐ข๐ข
0,BARI T7WI
0,Huwa li makslahchi
0,๐พ๐พ๐พ๐พ
1,Kima kan lhal bak
1,Mskhot lwalidin bkhtisar bla 3atifa
1,Respect monsieur Bilal
0,Anta maskhott alwalidin
1,HTA ana bghit sofia tarja3 naoufal rah insan taib
1,La novouuuu zwin
1,Lah yhdik amin inchalah wyhdina amin inchalah โคโคโค
1,Nawfl nta dryf wlh โคโคโคโค
1,๐๐๐๐
0,Tafo alik
1,samir tazarin sketch
1,dima toppp
1,3afakom 3awnoni tandiir rap
1,ุจูุงูู ูุฎุฑ ูุบุฑุจ
1,Ejbni  concept bravo
1,ูุณููู ูุฎููุน ุนูุฏู ุบูุฑ ูุฏูุฑู ููู ุดู ูุถูุญู
0,ุดููุชููุง ุจุงุฑูู ูู ูุงุฏ ุจุฑุงูุฌ
0,ุณููุฑู ุฏุงูุฑู ุฑุงุณูุง ูุตุฏููู ูู ุงุตูุง ูุงูุช ุฎุฏุงูู ููุงุฏุดู
0,ูุงูููุช ููููู ุฏูุฑู ูููุง ุงุฏูุจู ููุนุทููู ูุฌูู
0,ูุฏุง ุณูุฏ ูุฌุจ ุฎุตู ุญุฑุงุณู ูู ุดูุงูุง
1,ูุงุฏ ุดุงุจ ุจุงูู ุนููู ุงูุณุงู ุถุฑูู ููุณุงูู ูุณููู ูููุงูุญ ูููุชููู ุจููู ุตุงููู  ุชุญูุงุชู ููู ุงููุฏู ๐คฒ๐คฒ๐
0,ุจูุง ููุง ุนูููุจ ูุณููู ุบูุฑ ุถุญูู ุชููุง
0,ุจุญุงู ูุฏุง ููุน ูุฎุตูุด ุญุจุณ ุฎุงุต ูุฑุทุงุณ
0,ุดุญุงู ุฏูุงู ุชูุชูู ุนูู ูุงูู ูุฑุฏุง ูู
0,ุนุทุจู ููู ุงุนุฏุงู ูุชุฑุญูููุด
1,ุงูุง ูู ูุธุฑู ุงุญุณู ุชูููู ุจูุช  ูุง ููุฏ ูุงุฏ ุนุตุฑ ุจูุช ุงุญุณู ูู ููุฏ .
0,ูุงุด ููุงู ูุชูุดุฑ ูุณุงุฏ
1,ูุง ุงุฌููู ุจู ุนูููุงู ูุงุด ุฑูู ุญุงูุชู ููู
0,ูุงู ุฌู ูููุฏูุง ุชุญูุฑ ูููู ูุบุฑุจ ๐คฃ๐คฃ
1,ูุงูุง ุฌูุช ุบูุฑ ุฏุงุจุง  ุดู ุฏููุนู ูููุงู ุฏูุงูู ุจุดู ุตุงุจููู ุ ูู ูุฑุญู ูุงูุฏูู .
0,ุฏุงูุฑู ุจุญุงู ุดู ุฌู
0,ุดููุชู ุตูุนู ุฏูุงู ูุบุฑุจ
0,ูุง ุฎููุง ูุณูู ุนูุงุด ุงุตุญุจู
0,ุฑุงู ุนุงูุด ุจุงูุญุฑุงู ุนุทุงู ูู ูู ุญุฑุงู ุฎููู ูู ุฏุงู ุนุงูู ุบุงุฏู ุงุฎูุฏ ูููุง
0,ุงูุช ููู ุชุฌุจู ุญุณู ููู ููุณุฎ ุฑุฌุงู ุนุฒูุฒ ุนูููู ูููุงุช
0,ูุงูู ุงูุง ูููุฑู ุงู ุงูุงู ุตูุฑ ูุฌู ุดุฑ ูู ููุงู ูุฌู ุดุฑ
0,ููุฏ .. ูุณุฎูุท ูุงูุฏูู
0,ูุชุจูู ูุณุฎูุท ูุงููุฏูู ุฑุฎูุต ูุงุดู ุฑุงุฌู
1,ุดุงุจ ุจูุงู ูููู ุงูุช ุฑุฌู ููุต
0,ูุงูุณุฎูุท ูุงูุฏูู
0,ููุง ุชุฏูู ุชุฏุงู ูุง ุจูุงู
0,ุดูุงุฏ ูุง ููุฑูู  ู ุฌูุณ ูู ุญูุงู ูุงูุจูุงูธู
1,ุงูุง ุญูู ุฏูุงูู ูุนุงูุฏ ุดู ุนููู ููุงุฑุชูู
0,ุชูููุฏ ููุฑู ููููุฏูุง ุดู
1,ุฏุฑุงุฑู ูููู ูู ูุณุชูู
0,ูุงูู ุงููุง ูุงุถู ูุงุฏ ุงุฎ ุตุงุฑุญู ุจุทููู ููุง ูุงุฏู
1,ุจูุงูู ุฑุฌู ูุญุชุฑู ูุงูุจุทู ุฏูุงููุง
0,ุฏุจุง ุนุงุฏ ุนุฑูุช ุนูุงุด ููุบุฑุจูุงุช ูุฏุนููู ููุฏ ุดููููู ููููููููุณ ุญูุช ูุงู ูุจุนุชูู ูุฎููุฌ
0,ูุฏุฑุชู ูููุง ุตุญูุญู ุงูุง ุฑุฌุงูู ููุฏูุฑ ููุฒู ูุฏุฑุชู ุตุญูุญู ูุจูุช ููุง ุฏูุฑูู ูุถูุญู ูุงูู ูููุช ูุญุดู ูููู ุงูุง ูู ูุบุฑุจ ุงูุง ูุฑุฌุงูู
0,ุดูุฑู ูู ูุงูุช ุนูุฏู ุงูุช ูุฏููู ุนูุฏ ูุฏุง ูุนูุฏ ุบูุฑู ูุงู ูุงุญุฏ ุฎูุฒ ุจุญุงูู
0,ูููุญ ุชูุนุฏูู ุนูู ูุฑุนู ุจุงุด ูุชุฑุจู
0,ูุบุฑุจ ูุงูู ูุนุทู ุฒูู
0,ุจูุงุช ุจูุณุจูุฑ ูุงุด ูุฌูู ูููู
1,ููู ุชุจ ุนูู ุดุจุงุจ ูุง ุฑุจ
0,ูุณูู ูุดู ุงุณู ุนูู ูุณูู  ูุธู ุจูู ุนููู ุดู ุฏุนูู ุชุงุน ุดุฑ ุจุงุด ุฎุณุฑ ูุฑุชู ูุงู ููุงุฏู ุนูู ุฌุงู ุนุงูุฑู
0,ุฒุณุฑูุฑู ูุงูุนุฑูุจูู  ูุงูู ูู ูุงู ููู ูุฎูุฑ  ููุณูุญ ููู
1,ุนุฌุจุชูู ูู ูุงู ูุงุณ ุชูุณู ููุง ุฑุจูุงูู ุตุบูุฑุง
1,ูุญุชุฑูู ูุงุฎู ุจูุงู
1,ุจุฑุงู ูู ููู ูุช ุนุฑุจู ููุช ูุณูู ููุช ุฌุฒุงูุฑ  ูููุงู ููุง  ูู ุฎูููู ุงุญูุฏ ูุณูุณูู ูุฑุฌุน ุงุตูู
1,ุจุงุฑู ูู ููู ุจุตุญ ูุงุนูููุด ูููุง ูููู ุจุงุจุงู
1,ูููุง ุชุฏูุฑ ูุงุจูู ูุฑุงูุด ุฑุงุญ ุชูุฏุฑ ุชุนุทูู ุญูู
1,ุดูุฎ ูุชุง ุจูุงู ุชุงุน ุตุญ ูู ููุด ูู ูุนุฑูู ูููุญ  ูุชุจุนู ูุนุฑู ุจูู ูุชุง ููุชู ุตุงููู  ุฏูุฑ ุฎูุฑ ุฑุจู ูููููุง ุนููู ุจุงูุฎูุฑ
1,ุงูุช ููุงูู ูุงุจูู ูููุง ูุงู
1,ุฑุงู ุชูุฏุจ ูุนุฑูู ูููุญ ูุง ุณู ุจููุงู
1,ูููุง ูููู ููุฏูู
1,ุจูุงู ุฑุงุฌู ููุญู ูุฏุฑุชู ุนุณู
1,ูุงูู ุชุญูุฑู ูุชุนูู ุดุงุฏุฎููู ูู ุงููุฑ ุดุฎุตูู ุชุงุน ูุงุณ ููุงู ูู ุฑูุงุญูู
1,ุณููู ุนูุฏู ูุชุฎูุงุต ุญููู
1,ุงูู ูุฑููู ูุงุดูla phrase ุฌูุช ุชูุญููุง ุนููุชูุง
0,ุนูู ุฎุงุทุฑ ุฏุฑุงูู ุญุฑุงู ูุฑูุญู ูู ุญุฑุงู ุนุงุฏู ุฏุฑุงูู ุฏูุณููุชู ูุงููุจุงุฑููุงุช ูุฑูุญู ูู ุงูุดุฑุงุจ
1,ุฒูุฏ ุฏูุฑ ููููุด ูู ูููู ุฎูุฑ ุงูุช ุชุนุฑู ุฑุจู ุจุตุญ ุชุดุจู ุจุงููุณุง
1,ูููุง ูุงู ูุฏุง ุฑุงู ุงุจ ุชุงุนู ูุฑูุชู ูู ูุฏ ูุฏุฑู
0,ูุฒุงู ูุง ุดูุชุด ููุงู ูููุฏ ูุงููููู ูุงูู ุนูุฏูู ูุตู ูููุฏู ุนูู ุฎุงุทุฑ ุญุฑุงู ูุฏุฎูู ูููุฏ ูุญุฑุงู
1,ุฑุจู ููุฏูู ุถุนู ุงููุงู ุชูุจ ุชูุจู ูุตูุญู
0,ุดูู ุชููู ูุฏุง ูู ูุณุชูู ูุชุงุนูู ูุงูุซููู
1,ููู ูุจุนุฏู ุนู ุญุฑุงู
1,ุจูุง ููุง ูุฏ ุฎููุง ุจุงููู ููู ุฏูุฒ ุนุฏุงุจ ูู ูุฑุฏ ุจูู  ููุฏูู
1,ุญุณุจู ูู ููุนู ูููู ฺพุฏ ูุงุณ ูุฏูุฑููุด ุจุญุณุงุจ ููุงุง ูู
1,ุชูุจูุง ุงูู ูู ูุง ุชุจุนูุง ุดููู ูู ุดููู ุฒุงุงูู ุญุชู ูุงู ูุชูู
1,ุนุฒ ูุฑุฌููู ูู ุงุนุฒู ุงุฎููุง
1,ูู ูููู ูุนุงู ูุง ูุดุงู ุญูุช ููุช ุญู ุฑุจู ุบุฏู ููุตู ูุถููู ูุบุฏู ูุฌุงุฒู ูู ุถุงูู
1,ุญูุฏ ูู ุนูู ูุนูู ุงุณูุงู
0,ูู ุนุทุง ุฒูู ูุงููุง ุงููู ูู ุงูุฒู ูุนูู ุนูู ุจุญุงู ูุงุฏ ููุงุฏุฌ
1,ูู ูุญูุถู ูู ูุฏุง ููู ุงูููุฏู ูุดุงู
1,ูุง ุดุงุง ูู  ููุง ูุงููุง ูููููุจูุง
1,ุนูุงุด ุฑุฌุงู ููุฏูุฑูุด ุนูููู ูุงุฏุดู ุชูุงูู ููุงุฏ ุจูุงุฏ ุฏูุฑู ูุจุบุงุช ูู ููุฑุฌ ุนูู ุงุณุชุงุฏ ูุงูุฑุฌู ุญููุฏ ููุฏุงูู
1,ูุง ุงูุงู  ูู . ุฎุงุต ูุทูุงุจ ุงูุชูููู ูู ูุจูุงุตู ุจุนุฏุง ุฑุจูุง ููู ุงุฎุฑุฌ ุงุฑุฌุนููู ููู ุฑุงูู ูุชููุงุช ุฏูุงูู
0,ูู ุญุชู ููุงุช ุณูุจู ูู ุจูุงุฏ
1,ูุงุฑู ูุงุฏู ุฎุถุงุฑู ุฏูุงู ุจู ุฌุฏูู ูู ุงุนูุฑูุง ุฏุงุฑ .
1,ูู ูุงุฎุฏ ุญู ูู ูู ุธุงูู ููุฑูุถ ุญูู ุณููุงุช ุณุฌู ูุน ุงุดุบุงู ุดุงูู
1,ูู ููู ูู ุนูู ุฑุฌุงู ุงูู ูููุนุฑููุด ุฑุงุญู ุฒุงุงุฏ ุนูู ูุฏุง ููุบุงูุฑู ูุญูุงุชูู
1,ูุฏ ูุงุณ ุดููู ูุนูุถููู ุฎุถุฑู  ูุง ุญูู ููุง ููู  ุจุงูู  ูุฑุจู ููุงุจ  ูุชุนุฏู ุนูู ูุงุณ  ุทุจููุง ูุงููู ูุงููุตุงุต
0,ูุนู ูู ูุชุดุจููู ูู ุฑุฌุงู ุจุงููุณุงุง ููุนู ูู ูุชุดุจูุงุช ูู ูุณุงุง ุจุงูุฑุฌุงู
0,ูุนู ูู ูุชุดุจููู ูู ุฑุฌุงู ุจุงููุณุงุง ููุนู ูู ูุชุดุจูุงุช ูู ูุณุงุง ุจุงูุฑุฌุงู
0,ุชุดุฌุนูู ุนูู ูุซููู ูุงููุงู ุนูุฑ ูุง ุงููุง ุณุงูุทุงุช ุชุญุฑุถูู ุนูู ูุซููู ูุง ุดูู ุฎูุฎู
1,ูุด ุตุงุฑ ูู ุนุจูุฑ  ูู ุชููู ุจูุฎูุฑ
1,ุญูุฏ ูู ูู ููุฑุฌ ุนูู ุฌููุน ูุณูููู ูุงููุณููุงุช ูุงููุงูููู ูุงููุงููุงุช ุงุญูุงุง ูููู ูุงูุงููุงุช ุงูู ููู ุฏูู ุตูู ูู ุนููู ูุณูู ูู ูุจุงุฑู ูููู ูุงุฑุจ ุนุงูููู
0,ูุงุชูุดุฑู  ุฏุนุงุฑู ุญุณุจูุง ูู ููุนู  ูููู  ุดู  ุฎูุฎู  ูู  ูุฎุฏ  ูููู  ุญู  ูุงููุงู  ูุณุฎ
1,ูู ูุญุณู ุนููุงูุจุทุงูู ูู ุณุจุงุจ
1,ูุงุญูู ููุงููู ุงุจุงูู ุนูู ุนุธูู
0,ุฌููู ุญูุฑู ุชุณุชููู
0,ุดุญุงู ูู ุฒุจุงูู ุชุจูู ูููุง ุฌุงูุน ูู ุงุนูู ุนูููู ููุงุฎุฏ ุญู ูููุงู ุณุจ ุชูููุด ููุดุฑ ูุณุงุฏ ูู ุจูุงุฏ
1,ูู ูุฏ ูุงูุน ูุบุฑุจ ูุงุฏู ูุฏ  ูุงุญููู ููุง ููู ุงุจุงูู
0,ูุนูู ูู ุนูู ุจููู  ุดูู ุชููู  ูุณุงุง ูุบุฑุจูุงุช ุงุดุฑู ูู ุดุฑู ุนูุงุด ุชูุทุฎูุง ุตูุฑุช ุจูุงุฏูุง ุนูุงุด
0,ุญุชู ุงูุง ุฏุฎูุงุช  ุญูุงุชู ูุงุญุฏ ุฎุฑุงุจู ุจููุช ูุญุงู ุฏู ุงูุงู ุตุฏุฑ ูู ูุงุฎุฏ ูููู ุญู
0,ูู ูุจูู ุญูู ูุงุฑุจ ุงููู ุงุฌูู ูููุง ุจูุซูุฑ ุฏุงุจุง ุฑุจู ูุจูู ุญูู ูููู ุงู ุดุงุง ูู ุทูุงู ุฒูุงู ููุง ูุตุงุฑ
0,ูู ูุงุฎุฏ ูููุง ุญู ุงู ุดุงุง ูู  ุงูุงู ุตูุฑ ุงู ูุณูู ูุงุฑุจ ุงููู
0,ูู ูุงุฎูุฏ ูููู ูุญู
1,ูุฏู ุฑุณุงูู ูู ูู ููู ุฌููุนุง
1,ุชุจุงุฑู ูู ูุงุดุงุง ูู ุดุญุงู ุฒูููู ููู
0,ุงูุง ููุงูุชุจุนุงูุด ูุง ูุณูู ููุง ุฎุทูุงุช ุฑุงุฌู ุงู ุดุงุง ูู ูููุนููุง ูู ุฏููุง ุจุทูุง ูุบููู ูุจุงุฑูุงุช ูู ูุงุฎุฏ ูููู ุญู ุงู ุดุงุง ูู
1,ูู ูุจุฑ ุนุฑูู  ูุนููุด ุดุฑุง ููู  ุถูุงุฑ ุงูุจุนูุง ูุณุชุนูู ุญููู ูุน ุจูุงู ูู ูููู ูุฑุฌ ุนููู ุฑุจ ุจุงู  ูุจูู
0,ุดูู ุฎูุฎู ุชุฌูุจ ุบูุฑ ุฒุจู ุจุญุงููุง ูู ููุณุฎูู
1,ูุงุญูู ููุง ููู  ุจุงูู ุนูู ุนุธูู ูุงุฑุจู ุงููุฏูู ูุทุฑูู ูุณุชููู ูุชุฑุฌุน ุชูุจ ุชูุจู ูุตูุญ ููุชุฏูุฑ ุฎูุฑ ูููุจู ุงุจูุถ ูู ูุบูุฑ ุฏููุจ ูููุง
1,ุณุจุญุงู ูู ูุฏุง ูููู ูู ุนูุฏ ูู ููุจู ุทูุจ ูููุนุฑู ูู
1,Mezan
1,๐ช๐ซโญ๏ธ๐๐
1,๐ง๐ฆ๐ฆ๐ฆ๐ฆ
1,Mlih
1,โคโคโคโคโค
1,โคโคโค
1,Bravo
1,โคโค
1,โคโคโคโค
1,๐ฅ๐คฃ
1,โคโค๐๐
1,โคโคโค
1,ุฎุงุฏู ูุฎุฑุฌ ุนู ููุถูุน ุนุทู ูุณูุฏ ูุฑุณู ูุฑูุญ ุดููู ุณุงุนู  ูู ุฌุงูุณ ูุชููู ุนูู ุงุนุตุงุจู  ูููุชู ุนููู ุทุจูุณู ูู ุฌุงูุณ ุนููู ูู ูุนููู
1,ูุฌุจ  ุนูู  ุณูุทุงุช  ูุฎุชุตู  ูุชุญ  ุชุญููู  ูู  ููุธูุญ  ููุงุชู  ูุธุงุงุญ
1,ูุงู  ุงุนูู ุซูุจู  ุงูุงู
1,ููู ูู ุญูุฏ ูุดูุฑ .. ุงูุถู ููุฑ  ูุบุณู ุณูุงุฑุงุช ูุญูุฑ ุทุฑู  ููุง  ูุฏู  ุงุนูุงู ูุฏุฑู ุชู ุชูุฒุน  ุจุฑูู ููุฑุงูู  ุงูุณุงู
0,ุฎุงุต ุงูู ูุฌุฑุจู ุนูู ูุฏู ูุฌุฑู ุญุชู ููุง ูุญุฑุดู ุนููู ููุงุจ ูุชุฎุฑูู ููุฑู ููุฏูู ูุง ูุนูู ุจูููุงุง ูุณุงููู
0,ูุฌุจ ุนูู ูุบุฑุจ ุชุทุจูู ุดุฑุน ูู ุนูู ูุงูุงุง ุจูุทุน ูุฏ  ููู ูุฑู ุงู ุชุทูุฑ ููุง ูุชูุฌู ุชุงุชู ุจูุง ุณุฌูู ุจู ุณุฌูู ุชุฒูุฏ ูู ุฌุฑููู ููุง ุชุบูุฑ ุดูุง ูู ูุฌุฑููู
0,ูุงูู ูู ูุทุจู ุดุฑุน ูู ุจูุทุน ูุฏ ุณุงุฑู ูุงูู ูู ุชุจูู ูุซู ูุงุฏ ุชุนุฏู ุนูู ูุงุณ
0,ููุชููู ูุงุฏ ุดูุงุฑ ูููู ุฑุดุง ูุงูุญุจุณ ูุทุงุญููู ุณูุงู ููุฑุณ ููู ุฑุฌู ุดูุฌุฑู ุงุฎุฑ ูุงูุญุจุณ  ูููุงุฑ ูุฎุฑุฌ ุชุนููู ููุทูุน ูููุง ูุฑุงู ููุดุฑุฌูู ููุงุฏู ูุจุทู  ุงููู ูุงุฑุจ ุนุงูููู
1,ูู ูุญูุถ ุฑุฌุงู ูุงูู ุชุณุชุญููู ูู ูุญุชุฑุงู ุงุชุญู ุณู ุญููุดู ุงุชุญู ูุจูุฑู ูุงูู ูุทูู
1,ูุบุงุฑุจู ูุญูุช ูุฏุฑุฌู ูุง ุชูุตู ูุณุงู ูู ุณูุงูู  ุนููู
1,ูู ูุญูุธ ุงูู ูุญูุฏูู ูุงูุทูู ุทู ุจุนุจุงุฏู ููู ููุท ูุจุบูุช ูู ุงูุจุงุฑู ูู ุจูุงุฏู
1,ูู  ูู  ุงูุณุงู  ูู  ุงุชูุญุช  ูู  ุงููุงููุงุช . ููุงููููู  ุณุฏูุฏ
1,ุชุณุชุญู ุนุจูุฑ ุงู ุชููู ุฎูููู ุงููุฑ ูุงูููู ุจุงูู ุญูุช ุงู ูุบุงุฑุจู ููููุนูู ุจูุนู ุฎูุฑ ุณูููู ูุฏุง ุฑูุฒูู ูุงุฏู ูุง ุงูุงุฑู ูุฑุงูุด
0,ููู ููุนูู ุงุณุฑุน ุจุนูุงูุงุช ุณุงุนู ุงุฏุง ุงุจุชููุชู ูุงุณุชุฑูุง ุญุชู ูุง ุชูุดุฑูุง ุฑุฏููู ูู ูุฌุชูุน ุงู ูู ูููุงุงูุชู ููุถุฑูู ูุงุนูุงููู ุญุชู ูุญู ุนูููู ููู
0,ููู ูุณุงุง ูุฑูู ุณููุทุงุช ุจู ูุง ููุงุฒุน
0,ููุงู ุฎุฒู ูุงูุนุงุฑ ุจูุฏูุชู ุจููุง ูุจูู ุจูุงุฏูุง ูุฏุงู ุงุนุฏุงุง
1,ููู ุงูุฏููู  ุณุฑุงุทู ูุณุชููู  ูุงุบูุฑ ููู ูุงุนููุง ุนููู  ูุงุฌุนู ููู ุญูุงู ูุฑููู ุทูุจู
0,ุงุฎูุงู ุจูุบู ุนูู ูุฏู ููุงู ุฌุฒุงูู ูู ุฑุงู ูุดููู ูุงุดู ููุงุฏู ุตุญุงุจ ุฏุนุงุฑู ูุดููู ุฏู ุฏููู ูู ุณุงูุญู ูููู
0,ุณุชุฑูุง ุณููุงููู ูู ุฒุบุจู ูู ูุญูุงูู ูุงุญููู ููุงููู  ุจุงูู ุนูู ุนุธูู
0,ุงุณููุง ุตูุฑ ุงุณู ุนูู ูุณูู ูุงูุทุงุงุฑ ุตูุฑ ูุต ูุบุฏุงุฑ ูููุชู ููุตุทุงุฏ ูุฑูุณุชู ุจูุชูุงุฑ ููุฏุง ูุง ุญุตู ูุน ูุณูู
0,ุฑุฌู ุฌุฒุงุงุฑู ูุงููุบุงุฑุจู ุจููุงุญู ูุญุดุฑูู ุงูููู ูู ููุถูุน
1,ูุงูุฏ ุดุงุจ ุจูุงู ูู ุฏูู ูู ูุจู ุงูุงูุงูุง ูู ูุงูุง ุงููู ุฑุงุฌุนูู
1,ุญูููู ุงู ุจุงููุงูุฏูู ุงุญุณุงูุง ููููู  ููุช  ุจูุงุฌุจู  ุงูุงู ูู ููุฏุง ูุง ุฏูุจ  ุนููู  ุงุชุฑูู  ูุถููุฑู
1,ูุนูุง ูุง ุฏูุจ ูู  ุงู ูู  ุงูุถุง ุงูุตู  ูุงูุฏูู  ุจุงูุงููุงุฏ  ุงุฏุง ูุงู ูุฏููุง ูุง ุนููู
1,ูููุง ุงุนุทูุชู ููู ูุงูุฏู ููู ุชูููู ุญูู ููู ุงุณุชุฑ ุนุงูุจู
1,ูููุง ูุงู ุงุจูู ูู ุตูุจู ูุฌุจ ุนููู ุงุญุณุงู ุจู ูุชุนุทู ููุชูููุด ุญุงูุฏ ูุงูุฏููุง ูุงููู ุนูุฏูุง ูููุช ุณุชูุฏู ูุชุฑูุฏ ุงุญุณุงู ุจู ููู ุชุฑู
1,ูุงูุฏูู ูููุง ูุฏูุฑูุง ุฑุงุฏูู ููู ูู ุญุงูุง ูุน ูุงูุฏูู ููุง ุญุงูุงุด ูุน ุงููุงุฏ
1,ุจูุงู ูุงุณ ููุงุญ ูุตุงุฏู ูู ููุงูู  ูู ุบุงูุจ ุงู ุดุงุง ูู ุจูู ููุนู ุดูุทุงู ูุฑุจ ููุฏูู
0,ุงูุฏู ูุนูุดู ุบุงููู  ููุงู ุฎุฑู ุชุงุน ุดูู ุทููู ููุง ุฎูู ุทููู ูุงุชุฌูุจ ุชูุงูุงุช ููุงุฏ ุฎุฏุงูู ุชุงุน ูุงุฏ ููุงู ูุงูุฎุฏูู ุฎุฑู
0,ุฌูุฑ ุจุงููุนุตูู ูู ูุจุงุงุฑ  ููู ูุง ูููุช ูุฏุง ุฌุงูู ูู ุณูุบุณูู ุฑุฌู ุงู ุงูุซู  ูุนูู ูู ุนูู ูุงูุงุง ูููุฑูุจุงุช
0,ูู ุงูุฑุฏ ุจูู ุงุฎููุง ูููู ุฑุงู ูุนู ูู ุฑุฌุงู ูุชุดุจููู ุจุงููุณุงุง ููุนู ูู ูุณุงุง ูุชุดุจูุงุช ุจุงูุฑุฌุงู ููุนู ูู ูู ููุนู ูุงุญุดู ุฒูุง ูุงููุงุท
1,ุตูููุง ุงูุณุงูู ุฑุงุงุนู ุญุณุงุณู ุฌุฏุง ุชุนุฑูุช ุนูููุง ูุฑููุชูููุช ุจูุง ูู ุงุณุทูุจูู ุชุฏูุฑ ุฎูุฑ ูุชุตุฏู ุนูุง ูุงุณ ูุชููุงููุง ุฎูุฑ ูุงูุฑุฒู ูุฑุจู ููุฏููุง ูููุฏููุง ุงุฌูุนูู ูุฑุจู ูููุฑ ุทุฑูููุง ูุญู ูุง ุฑุจ ุงููู
0,ุงู . ูุฌูู ุตุญูุญ ูุนูู ูู ุนูู ุงูุซุงููู
1,ูุงุญูู ููุงููู ุงุจุงูู ุนูู ุนุธูู ููู ุงุณุชุฑูุง ููู ุงุฑุถ ูุชุญุช ุงุฑุถ ูุงุณุชุฑ ุงููุงุฏูุง ูุฌููุน ุงููุงุฏู ูุณูููู ุงููู ูุงุฑุจ ุนุงูููู ูุงูุตูุงู ูุงูุณูุงู ุนูู ูุจููุง ูุญุจูุจูุง ูุญูุฏ
1,ุงุทูุจ ูู ูุฏุงูู ูุงูููู ุงูู ุณููุน ุฏุนุงุง ููู ุฑุฏู ุงูู ุทุฑูู ุตุญูุญ
1,ูู ููุฑู ุชูููุฏ ุนููู ููุงู ุงุญุชูุงุฑ ููุฌุงุฑ ุชุญูู ููู ูุฌุงุฑู ููุงูู ููุณุช ุจุงูุชููุฑ ุงุจุฏุงุน ูุฌุจ ุงู ูููู ุณูููุง
0,Hadchi khatiiiiiir la hawla wala kowata illa billah
0,ูุง ุญููุง ููุง ููู ุงูุง ุจุงูู ุนูู ุนุธูู ุงุด ูู ุงุญุชุฑุงู ููุงุณ ุงูุณุฎ ููุถูุน ุงูุชู ุงูุซุฑ ููู
0,ูุง ุญูู ููุง ููู  ุจุงูู ุนูู ุนุธูู  ููู ูู ูุฏุง ูููุฑ
0,๐๐๐๐๐
1,ุจุณู ูู ูุงุดุงุง ูู
1,ูู ุงูุฌููุงุนููู ุนูุฏู ุญู
1,ูุดุงุง ูู ุชุจุงุฑู ูู ูู ููููู
1,ูู ููุตุฑู ุนูููู ุงู ููุง ูู ูุงุฎุฏ ูููู ุญู ููุงุฏ ุนูุงุดุฑ ุงู ุดุงุง ูู ูุงุฑุจ
1,ุฎุชู ุฑุจู ูู ููู ูู ูุนูุถู
1,ูู ููุตุฑู ุงู ูุนูุถู ุฎูุฑ ุงู ููุง ูู ูุฎุฑุฌ ูููู ุจุฑูุงู ุงู ูุชู ุงููู ูุงุฑุจ ุนุงุฌูุง
1,ูู ูุฑุญููู ููุณููู ูุฑุฏูุณ ูุน ุณูุฏู ูุญูุฏ
1,ุงูุช ูุญู  ุงู ุฌุฏู ุฑุจู ูุฑุญูู ุงู ูุบูุฑูู  ุงู ุดุงุง ูู ุชูู ุทุฑูู  ูุฑุถู ุนููู ุฑุจู ุจูุง
1,ูู ูุฑุฏู ููุฑุฏูุง ุงูู ูู ุฑุฏุง ุฌูููุง ูููุฏููุง ุงุฌูุนูู ูุงุฑุจ
1,ุงุณุงู ูู ุนุธูู ุฑุจ ุนุฑุด ุนุธูู ุงู ููุฏูู ูุชุฑุฌุน ูุฑุฌู ุจูุนูู ูููู  ูุงุฑุจ
1,ููู ุงุฌุนููุง ูู ููุจูููู ูุงุฑุจ
0,ูู ูุบุจุฑ ููู ุดูู
1,ูู ุงูุฏูู ูุงุฑุจู
1,ูู ูุฑุญูู ูุงุฑุจู ุงุฎููุง ููุบูุฑ ูู ูู ูุณุชุฑู ูุงุฑุจู
1,ูู ูููููู ุจุฑูุงูุฌ ููุงูู
1,3afakom layrhm lwalidine li kay3rf chi tbib  agadir kaydir  ijhad idwi meaya
0,Komcha dyal 9wawid chawahtona fal3alam
1,Maddah  masskin  kan  victim ... bab  attaouba  maftouh  tab  ila . allah  allay  yahfado
1,Walahita bekit  mesaken leklabe  Allah ye3tih le3adab  3adeb hadok leklabe me3ah  mesakine daba ghadi yeoatlouhom  hit kifach  terabaw  Allah yakhod leha9
1,Macha Allah zwina onota katb9a fl9lb ๐ค๐ฆ๐ฆ
0,Anti jayha rohi nahi hijab wa dakhli rani  tkahabni kima hiya rjal walawww habou kahbattttt
1,Bilal ansan rajal wafhal waljazayar kamla tahbou huwa louksijan dayalna
1,Tlobe lihe 7osne alkhatima we sma7lihe ina allah ghaforone ra7ime
0,3ad dkhalo matakhrach arifi ahari a9at dirahbas rojola nta tbaa rjal
0,Wa sire tchouf 3la men tekdeb Lah ye3tek l7ebs
1,Lah yahdik awaldi walah 7ata nad3i m3ak Bach Rabi yahdik 9abla fawate lawan li ana lmoute yatarabasse bkitini awaldi rja3 ltri9 lah awaldi
0,I9tel 3adwa alh inhe min 9awm let ihra9eh binar
0,Kolchi zwin heta dkhel dak robot ygheni . Tkherbi9
0,Kat9ate3 syd bzf khaso hta ykml hdrto 3aaad hdr asshbi nta fik hdra bzf wehamed
0,ุฏุงุจู ุนุงุฏ ุฌุงุชูู ุบุฑูุจู ุจูุงุช ูุงุฎุฏู ูู ุงูุงุฑุงุช ูู ุฏุนุงุฑู ูุฑุงู ูุฏุง ุดู ูุนุฑูู ุงู ุจูุงุช ููุง ูุจุบูู ููุดู
0,ูุบุฑุจูุงุช ูุง ูุจุนุฏ ูุชููุฑูู ูุนูู ุณุนูุฏูุงุช ุจููุงูุน ุชูุงุตู ุงุฌุชูุงุนู ููุญุทูููุง ูููุง ูุน ุจุฑุจุฑูุงุช ูุน ุงุณูุง ุจูุฏ ุงูุฑููู ูู ุนุงูู ๐จ๐ฟโ๐ฆฑ๐ฒ๐ฆ๐คข๐คข
1,Bilal dima hnin  9elb kbiir hwa ma rbaksh walakin mashi moshkil lmusamih karim
0,ุงุณูุน ูุง ุฎุฑุงู ูุฏุงู ุจุงุจุงู ุฑุงู ุนุงุฑู ูุงุด ูู ุงุจูู ูุนูุชูุง ุทูุนูุง ุญุชู ููู ูุงุณู ูุง ุจูุงู ุงููุฑ ุดููู ูู ุนููู ุฑุงู ุตุบูุฑ
1,ูููุงุด ุฌูููุฑ ููู ุนุจุงุฑู ุนู ูุชูุงุช ๐๐
0,ูุฏุง ูู ุฎุงุตู ุงุนุฏุงู
0,ูุญุด ููุฑุจู ูุญุด
0,ุชุตุงูุฑ ูุงูููุฑุฌุงู ุนูู ุดูุงุฑ ูุงุญุฏ
0,ุฎุงูุฌุงุช .
0,ูุณุงุฏ ูู ูููู ุจุฑููุงู
0,ุฎูุฒ ููููุจ ุนูู ุฎูุฒ ุจุญุงูู
0,ุฎูู ุจูุงุฏู ูุญูู ุงุตุงุญุจู
1,ุนูุฑ ุงูุณุงู ููุญูู ุนูู ูุถุงูุฑ ุจููุช ุงุณุฑุงุฑ
1,๐๏ธ๐๏ธ๐๏ธ๐๏ธ๐๏ธ๐๏ธ
1,ุจูุงู ุฌูุงุจู ุนูู ูุณุงูู
1,ุญูุธู ูู ุดูุฎู ุจูุงู
1,ุจูุงู ุฑุฌู ูุญู ููู ุฎูุฑ
1,ุฎูู ุจูุงู ุบุฏู ุชุฑุจุญ ุงุฎูุฑู ุงูุดุง  ูู
0,ุชุจุง ูู ุดุงุฏ
0,ุดูู ุฎูุฎู ูุงุฏู ูุงุดู ุดูู Tv
0,ููุงุช ุตุฑู ุตุญู
0,ูููุงุช ุนุงุฑ ูุงููุฏุจ
0,ุนุฑููููู ูุงููุฏุจู
0,ุชุฎููุช ููุฑุงู ุดููู ุบุงุฏู ุชููู ูุนุงู ุงุตูุง
0,ูุฏูุน ุถุฑุจ ูุฏู ุจุงูููุณ
1,ุฏุงู ุฎููุง ุฏุงุฑ ุณููุชูุด ูุงุถู ๐๐โค
1,๐งโโ๏ธ keep going
1,ูุงุฎูุฑุง ุจุฑูุงูุฌ ุฎุงุฑุฌ ุงุทุงุฑ ูุญููุถู
1,ุงุญุณู ุจุฑูุงูุฌ ูุฏ ุนุงู โค๐
0,ูุฌููุงุช ุญูุถ
1,ุณููุฑ ุชุฒุงุฑูู ูุงุนุฑ
1,ุงุญุณู ุจุฑูุงูุญ  2ู ๐โคโค
1,ุงุญุณู ุจุฑูุงูุฌ ูุฏ ุนุงู โค๐
1,ุงุญุณู ุจุฑูุงูุฌ  ูุงุญุณู ุจุทู ูุบุฑุจู
0,ูู ูุนุฒ ูุฎุฒู  ุฎุงุต ูู ูุฑุงู ูุฏ ููุฑูุจุงุช ุจุดุฑูู ุนุงููู
0,ุชุญูู ุทูุจู ูุฑุฌุงู ุงูู ๐ฆ๐ฒ๐ฆโค๏ธ
0,ูููุงุช ุตุฑู ุตุญู ุดููู TV
1,ูุงุฑุจ ุทูุฑ ุจูุฏ ูุบุฑุจ ูุงูุจูุฏุงู ุนุฑุจูู ุงุณูุงููู ูู ูุณุงุฏ
0,ูุบุฑุจ ุจูุงุฏ ุฏุนุงุฑู ุฑูู1 ูู ุนุงูู
0,ุฏุนุงุฑู ูุฑูููู ุดุนุจ ุฏููุช
0,ููููู ุทูุงุนุด ูุฑู ูู ููููู ุฏุนุงุฑู  ุญุดูุด
0,ูุบุฑุจ ูุฑุญุงุถ ุนุงูู
0,ููุงุฏ ุตุงุฏู ูุงููุบุฑุจ ูุนุฑูู ููุฏ ุนุตูุฑ ุงูู ุจูุฏ ุฏุนุงุฑู ูุงููุชุนู ุฌูุณูู ูุฑุญุงุถ ุงูุฑูููุง
0,ูุบุฑุจ ุจูุฏ ุณูุงุญู ุฌูุณูู
0,ูุบุฑุจ ุจูุงุฏ ุฏุนุงุฑู
0,ุฑุงู ุฑุฌุนุชุง ูุดููุฑูู ุฏุจุง ุจุฏุนุงุฑู ุฑุฌุน ุดุนุจ ูุงูู ุจููุญ ูุญู ุจูุงุชู ุงุด ุจุงุบูู ูุฏู ููุง ุญูุงู ูุงูุน ูุฑ ุดููุชููุง ุฑุฌุนู ููููู ูุฑุญุงุถ ุนุงูู ๐ฒ๐ฆ
0,ุฏุนุงุฑู ูุบุฑุจูุงุช ูุงุฒู ุชุณุฌูููุง ูู ูููุณูู
0,ุจูุงุฏ ุงููุฑ ูุญุงุจ
0,ูููู ุฏุนุงุฑู  ุณูุงุญู ุฌูุณูู ุฌูุณ ุงุทูุงู ููุฑ ุชุทุจูุน ุนุจูุฏูู ุฏู ุชุณูู ูุฏุจ ุฑููุน ูุบูุฑ ูู
0,ุจุงุน ููุฒ ุงู ุดุฑุง ุฎูุฒ ุทุฒ
0,ุฏุฑู ูุญุชูุงู ูุน ุณุงุฑู ููู ุชุงุน ุฏุนุงุฑู  ููู ุงูุญุทุงุท
1,ุงูู ูุฑู ููุดูู ุตุญููู ุชุณุจู ุนูู ูุฑูู ูุทููู ูุชุนุทูู ุถูุงูุงุช ููุงุจู ุนูู ูุตุงูุญ ูุฎุชุตู
1,ูููุงุด ุนูุฏู ููุนุฏ ูุน ูุฑูู ูุทููู ููู ููุณ ููุช ุดูู ุชููู ูุณุชูุทูู ูุจู ูุฑูู ูุทููู
0,ูุฏุงู ููุน ูู ููุงุจ ุฎุทุงุฑ ุนูู ูุฌุชูุน ุฎุตู ุงุชุฑุจุง ูู ุงุนุฒ ูุฎุฒู ูุงุณ ุชููุฑู ูู ุจุญุงู ูุฏ ุงุดูุงู
0,ูุฌุจ ููุน ุจูุน ูุซู ูุฏู ุงููุงุน ูู ููุงุจ ููุฏุง ูุฌุฑู ุชุทุจู ุงูุณู ุงููุงุน ุนููุจุงุช ุดููุฑู
0,ุถุฑุจู ูุชุฌู ุบูุฑ ูุงูููุงุจ ูุณุงูู  ุณูุงุง ูุงููุง ููุงุจ ุถุงูู ุงู ููุธููุง ูุฌุฑููู ูู ูุซู ูุฏู ุงุบุฑุงุถ ุงุฌุฑุงููู
1,ุชุญูู ูุฑุฌุงู ุงูู ุจูุง ุจูู ุบูุงููู ุจุนุถูุง ุจุนุถ
0,ุจูุง ุบูุฑ ูููุงุจ ูุฌุฑููู ูุงูููุงุจ ุชูุจุญ ูู ูุนุฒ ุงูู
1,ุชุญูู ูุงููุง ุญุจูุจ . ุจุฏูููู ูุตุนุจ ุนูุดูุง . ุญูุธูู ูู ูุฑุนุงูู .
1,ููุฑูุถ ุนูู ุฏููู ุชูู ุงูุชูุงุง ููุงุจ ุจุฑุฎุตู ูุญุฑุงุณู ุงู ูุงุตุญุงุจ ูุฒุงุฑุน
0,ูุงุดุฑ ูุถุงุงุญ ูุงููุงุนู ุณูุง ุจุณูุง ุจุงูุฏูุจ
0,ููุฌุฒุงุงุฑ ุงุนุฏุงู ูู ูุฏู ุทูู ูุงุบุชุตุงุจ ูููุบุฑุจ ุนุงุฏู ุจุงุด ูุฎูู ูุฎุจุฒ ูููุฑ
1,ฺฉุงูพู ุบูพุฑ ุงูุฑุงุถ ูุงููพุฏุง ุฑุงฺฉู ุชูุฑุถู ุตุญุชฺฉู ูุงูุตุญู ูุชุนูุถุด ูุฎุง ุชุฎุณุฑ ุนููพูุง ูุงู ูุงุฑูู ููพููุนุด ูู ุงุนูู ุนููพูู ูพุงุฑุจ ูุงุฏ ููพุฏูพู ูุฏูพู ุจุฒุงู ุงูุง ุดุงูพูุงู ูู ุดุญุงู ูุงุฏู ๐คฒ๐คฒ๐คฒ๐คฒ
0,ูู ูุฑุงุฑูู ูุงูููุญู ูุงูุฎูุงุฌ
1,ูุณูู ูู ุญูููู ุถูุน ุฌููุฑู ูู ุงูุฏู ูุงูู ุงูุณุงูู ูุซููู ูุฑุฒููู ูุญุชุฑูู ูุชุฎููู ูููู ุฑุจูุง ููู ุฎูุฑ  ุงุฎุชู ุฑุจู ูุจูุฑ
1,ุนูุงุด ุฏููุง ูุชุฑุฏู ููู ุนูู ุทุฑู ุงุฎุฑ ูุชูููู ูุญุฏู ูุตูุงุช ูุงูุฑุงุฌู ูููุนุฑู ุจูู ูุฑุงู ูุงูุฑุฌู ุบู ูู ุฑุจูุง ุจููุงุชูู ูุดุงูู ูุทูู ููุง ูุจูุง ุญุจ
1,ุฑุจู ูุนุงูุง ุฎูุงูู ุงุตุนุจ ุฎูุงูู ุฑุฌู ูู ุงุตุนุจ ุงููุฑ
0,ูุชูุงููุง ูุฌุฏุฏ ูุงุฏ ููุถูุน ูุชููู ููู ูู ุฌุฏูุฏ ุจุงุด ุชุงุฎุฏ ูุงุฏ ูุฑุงู ุญููุง ูู ุฎุทูุงุช ุฑุฌุงู ุงู ููุฏุฏุชูุง ุชุญุท ุตูุฑ ุฏูุงููุง
0,ูุชู ุฑุฒูู ุนูุฏ ูู ููุฏุงู ูุณูู ูุงุดู ุฑุงุฌู ุดูุงุชู  ุงูู ุตูุฑ ุงูุฑุงู ุณุงูุทู ููุณูู ุฏููุชู
0,ุฒูุฌู ุงููุงูุงุดุงุง ูู ุญุณู ูู ูุฏู ุงูุงู ุตูุฑ  ูู ููุชูู ูููุง ูุฑูุชู ูุนุงุฑุฌูู
0,ุชุจุฑู ูู ูุฑุงุชู ุบุฒุงูู  ููุซููู ููุญุฌุจู ูุจุงุฒ ููุงุฏ ุฑุฌุงู  ุฒุงูู  ูุงูููุญ    ุฒุงููู  ูุญุฑู ุฏุงูู  ุนูู ูุงูููู
0,ุฑุจู ููุงู ูู ุนุงูู ุญุฑุงู ุฑุจู ูุนูุถู ุดุฎุต ูุงูู ุญูุงู ูุงู ููุณููู  ุบูุงุง ูุฌุงู ููู ูุดุจูู  ูุฎุชูุท ุจุงูุญุฑุงูุงุญุณู ููู ุฎุฏุง ูุญุฏู ูู ููุณ ูุณุชููุน
1,ุฑุงู ุชุฎุฑุท ูุงุชุฎูุทุชุด  ููุง ุชูู ูููุง ุงู ููุง ุชููุฑููุง ููู ูููุง ูููุง ูุฑููุง .) ุงูุณุงู ูุชุงูุฏ ูู ุจุนุฏ ููุงุฑ ูุฑุงู ุดุง ูููู ุฎุทูู ูู ุบูุง
1,ูุงุดุงุง ูู ุดุงุจ ุจูุงู ูุนู ุชุฑุจูู  ูุนู ุงุฎูุงูููู ูู ูู ูุณูุฑุชู ูููู  ูู ุญูุงุชู ุดุฎุตูู ุงูุดุงุง ูู
1,ุงู ุฌุงุงูู ูุงุณู ุจูุจุง ูุชุจููู ุนุณู ุงู ุชุตูุจู ููู ุจุฌูุงูู ูุชุตุจุญูู ุนูู ูุงูุนูุชู ูุงุฏููู  ููู ูู ุฎููู ุดุงูู ููุง ุณู ุจูุงู ุจูู ููุนุฏ ุจูู ููุงุชูุชูุด ูู ุฑุงุณู
1,ูุฑุงู ูุฑูู ููุงู ูู ููู ุงูุงุช ูุณูุฑ ูุดู phrase
1,ูุงูููููู ุนูู ูุฑุงู ููุฑุงุฒ ูุง ุณู ุจูุงู ูููููุง ุงูู ุณุงุจูู ุฑุจู ููุฏููุง ููุตูุญ ุญุงููุง ูุงุญูุงููุง ูู ุฌูู ูุงูุฏููุง ููู ุฌูู ุฏูู ูุงููุฑุงู
1,ูุงูู ุนุธูู ุดุงุจ ุจูุงู ูุทููู ูุงููุงูุฏ ุฏูุงููุง ูุฒูุงู  ูุฏู ุดูุงุฏู ูู
0,ูู ูุนูู ุนููู  ูุฑุฏ ุจู ูู ูุฏุง ุญุงูู ูุฒููู ุณูุงู  ูุชููุจู ุบูุฑ ุนูู ูุงู  ูุณูุชู ูุง ุฏูู ูุง ุฏููุง ูุง ููู ุญุทุจ ุฌููู
1,ูู ูุชูุจู ุชูุจุชู ูุงููุงุณ ุงูุณุงูู ููู ุงูุช ูุงูู ุฎููู
0,ูุฏู ูุทูุดู ูู ูุณุชุฑ ููุงุฑ ูููุง ุชูุถุญ ูููุงุช ูุบุฑุจูุงุช ูุงูู ุญุฑุงู ุนูููู ูุทูุดู ุชูู ูู
0,ุดุนุจ ูููุฏ ูุฒุทูู ูุซูู ุนูู ุดุงููู ูููู m106 ูุงูุดุนุจ ูุฏุง ูุง ุญูุงุง ููุง ุญุดูู ููุงุดุฑู
1,ูู ุดูุง ูุฑูุจ ุนูุฏ ูู ูุงุชุดููุด ูุงุณ ุดูู ูู ููุงูุฏูู  ูุฌู  ูู ูุงูุชูุจู ุจุงุจูุง ููุชูุญ
1,ูุงูู ูุงูุช ุนูุฏู ูุธุฑู ุฎุงูุจู ุนูู ุตูููุง ูููู ููุงุทูุจ ุฎูู ูู ูุชูุงุถุน ุฌุฏุง ูู ูุฑุฏู  ูุณุชููู ุฎุตูุตุง ูุงุด ุณูุนุช ูุงุฏ ุญูุงุฑ ุฏูุงูู
1,ุตุฑุงุญู ูุงุฒู ูููู ุชุญุถูุฑ ุงูุซุฑ  ุงุณุงูู ุฌุฏูุฏู ูุนุฑูููุง ุนูู ุถููู
0,ูุถูู ุญุงูุถู
0,ููุงู ูุง ููุฏู ูุฑุนู ุชุณุชูู ููู
1,ุฎุงุตู ุญูุงูู
0,ุดูู ุชููู ุญูุงุฑู
0,Homar wada malo
0,๐น๐๐
1,ุฒููู ุจุฒุงู ุชุญูุงุชู ูู ุงุฎุชู
0,ููุงู ุงูุญูุงู
1,ุฌูุงููุง ุฌูุงู โค๏ธโค๏ธโค๏ธโค๏ธโค๏ธ๐ง๐ฉ
1,ูู ูุฑุญุงุชูู  ุงุจููู ูู ุงูุฑุญูุง ุฏููุง ูุงุฎุฑู
0,ูู
1,ูููู ุดุฑููู
1,ูููู ูุบุฑุจูู ุดุฑููู
1,ุงุญุณู ุฏููู ูุงูุนุงูู
1,ูุชุจุงู ุงูุณุงูู ูุญุชุฑูู ูููุจููู
1,ุฌูุงู ุทุจูุนู ูุดุงุง ูู
1,ุชุญูู ูุดุงุจ ุจูุงู
1,ููุงุฏ ุญูุฑูู โคโค
1,ุจูุงู ุนูุฏู ุญู
1,ูุงุฑุจ ุณุชุฑู
1,ุฒูููู ุฏุฎูู ุฏูุงู ุจูุงูู โคโคโคโค
1,ุญููู ูุงุถูู
1,ุงุญุณู ุญุงุฌู ูููู ุฒููู ุนูููู ุชุจุฑู ูู ุนูููู
1,ุงุญุณู ุจุฑูุงูุฌ
1,ุจูุงูู ุถุฑูู ููุฑุจู ูุชููู ูู ุชูููู ูุงููุฌุงุญ โฅ๏ธโฅ๏ธโฅ๏ธ
1,ูู ููุฏ  ุญููู
0,ูุงุฑู ุนูู ุญููุถู
1,Kolna hicham lmdah
1,๐ข๐ข๐ข๐ข miskne
1,Tahia rijale amen watani fi mokafahat jarima wa tojare mokadirate
0,3tiwni saha kolha lihom yachmata llah in3lal
0,L3robiya HTA ntoma 3mrto swaa9
1,"Yahya ,,, rijal ,,, achorta "
0,Britnaraf alach katwiriwna had monkar
0,3TiiiiWaH YKhDeM YN3aL Booo MKoM
0,Had chouf TV rahom wlad la9khab  taygolo linass diro lik9ah Na3lato lah wa3la walidihom
0,Smhti fbnt nas oditi 9ahba lah imskhak oy3tik dnob dok lwlidat nta ihodi machi moslim ajah lblk
0,Had Amal sa9ar daira mabrat
1,Akhti Nabila ntina kadhammak bzain baka sghira  fenna sla ala nbi
0,Rabi khalas fiha charfa ayba amel sakrrr
0,ya rabรญ salama had chof TV ta ljaza2ir tba3toha hhhh tfooo
1,Na3lo chitan yanase bilale wld familya we y7cham
1,๐๐๐๐๐๐
0,Hado kaas ita3dmo ach kijibo gir sida  choha li Maroc Iran i3dam hom live
0,Amin yarab trfar laha wtjalha mna tawabin โคโคโคโคโค
0,WACH ANA MRIID WLA HADCHI 7AAAAMD    !   !!
0,ุงุด ูุงุฏ ุฎุฑุง ูู ูุฏูุนู ูุถูู ููุฑุง ูุงู ููุดุงูุฏ ูููููุดู ๐๐๐
0,ููุง ูุงู ุดุงุนุฑ ูุบุฑุจู ูู ุนุทู ุฒูู ูููุง ูููู ูุบุงุฑุจู ูุฎุฑ ูุทูู ุถู ุบุงุฏุง ูุชููุงุฏ ููุงุฏ ูุจูุงุฏ ุนูุด ููุงุฑ ุชุณูุน ุฎุจุงุฑ ูู ูุฏููุง ูุถู
0,ุญุช ูุงุฏุง ุฎุงุตู ุงูุดู ูุชุฑุจุง ุนูุงุด ุจูุง ุณุงูุช ูุงุฏ ููุช ูุงูู
0,ุณุงุงู ุบุจู ูุฏูู ูู  ุตุญุงููู  ุฑุถู ูุงุด ููุฏูุฑ ุงุชุฌุงุฑ ูู ุจุดุฑ ูู ูุบุฑุจ      ุ     ุุุุ ุจุญุงูู ุฒุนูู ูู ููุชุงุฌุฑ ูู ุจุดุฑ ุฎุงุฑุฌ ูุบุฑุจ ูุณููุญ      !     !!!!
0,ููุจ ูู ุชุจุนูููุง
0,ูู ูููููุง ููููู ูููุง ููุชู ูููุงุฏ ููุงุฏุงุช ููุจ ุงุด ุฏุงุฑ ููููู
0,ุฏุงุจุง ุดุฏู ููุงุจ ููู ูุงุดุฏููุด ๐ณ ููุงุจ ูู ูุงููุง ููุญุฑุดูู ููุญุฑุถูู  ุตุงูู ูููุช ุฏุงุจุง
0,ุงุตุญุงุจ ููุงุจ ุฒูุฏูู ุนูู ูุญูู ุงูุงุฑูู
0,ูุชููุง ูุงูููู ุบูุจูู ููุชู ุชุดุฏูู ูู ูููุงุจู ูุงููุฑุดุฎูู ูุฒูุงู ุจุงุด ูุนูุฑู ุชุนุฏู ุนูู ูุงุณ
1,ุฑููููุช ุจุงูุฌูุน ูุณุงูู ุงุฑุญูููู ูุณุงูู
1,ุงุญูู ููุงุจ ูุงููุท ุฑุงูู ููุญุณู ุจุญุงู ุจูุงุฏู
0,ููุฏ ูุณุฎู ูุนูุฏูุด ุญุชู ููู ููุนุณ  ูุฑุจู ุฒูุฌ ููุงุจ ุฎุต ูุญูุงุฑู ูู ุดู ุณูุฎู ุฏูู ูุนุตู ูุฒูุงู
1,ููุจ ูุณููู ุนุงูุด ูู ูุญุงูู ูุนุงูู
1,ุธุงูุฑู ููุงุจ ูู ูู ูุฏู ููู ุดูุงุฑุน
0,ุณูุจู ูุงููููุง ุนุจุฑู ุนููู ููุชููุง ูุฌุฑููู ูููุชู
0,ุงุด ูุฏ ูุงุฑุงุถ ุงุด ูุฏ ูุฑูุซู ุงุด ูุฏ ุณูุจู ูุฏุดู ุฌุงุจู ุฑุฏุน ูุงูุนุฏู ูุงููุงููู ููุงุด ูุญุชู ุงุฏุง ุฏุฎู ูุนุทู ูููุณ ููุฎุฑุฌ ุตุงูู ุจูุงุฏ ูุดุงุช ุฎูุง
0,ูู ุชุญุณุจ ุงูุณููุจุงุฑ ูุงูู ุงุฎุทุฑ ูุฌุฑู ูุฎุฒู ูููู ุฑุฌุนููุง ููู ูุงุฏูุจ ููุงุจ ูุง ููุงุจ ูุฎุฒู
1,ููุจ ูุณููู ูุงุฏุงุฑ ูุงู ุตุงุญุจ ูู ูู ุฎุงุต ุจุญุงู ูุฏูู ุณูุณูู
0,ุฎุงุต ุฏููู ุชููุน ููุทูู ูู ุชุฑุจูู ูููุงุจ ุญููุช ูู ูุณุฑูู ุจูููู ุชูู
1,ูุงุชู ูููุถุญู ูุณุญุจ ุฑุงุณู ููุช ูููุง ูุฎุฒู ุนูุฏูุง ูุฌูุจูู ูุฌูุจูู ูู ูุนุฒ ุงูู
0,ููุงุฏูู  ุฏุงุนุฑุงุช  ุงุจูุงุง ุญุฑุงู  ุดุนุจ ูุบุฑุจู
0,ูุฏู ูููุงู les 7amrocains ูููู ุจุฑุงุชูุด
0,ูุฏุงู ุฎุงุต ุงูููููู ูุงูุฑ ูุงุดู ูุณูู ุนุฌุจู ูููุง ุตุฏุฑ ูุจูุฑ
0,ููู ูุชุง ุนุงุฑูู ูุจูู ูุงุชุดุฑูููุด ุฏุงุฑ ูู ุณูููุง ูุนุงู  ุชุจุน ูุนุงู ุฑุงูุจูุง ูุง ุฑุงุณ ุจุตูู ุญุดู
1,ุจุงู ููุง ููุจุฑู ูุงุดู ูููุฏู
1,ูููู ุงุฎู ูููููุด ุจุดุฑ ูุงูู ูุฏูุฑ ูู ุฏุฑุชู ุจุดุฑ ููุถุฑ ููุถุฑ
1,ุนูุด ูุฒูุงู ุจูุถู ุตุฏุฑ ูุฌุฏ ุฑูุญู ุชูุดู ุชุดูู ุตุญุงุจู ููู ููุท  ุจููุช ุนู ูุฏุง ุญุงู
0,ุจุฑูุงูุฌ ุญุงูุถ ูุญุงู ุจุฑุงูุด
0,ุฏุฎููุง ุชูุฑุฌู ุชููุงู ุณุนุงูู ุจุงุณู ููุณุทููู ูุฎูุงู ุญุชู ููุงู ุดููู ุจููุณุทูู  ูุงู ูุนูุฏูุง ุฑุฌุงู
0,ูู ุฌุงู ูุฏุดู ุญุงูุถ ุฑุงู ุญูุช ููููุด ูุถุฑู ุฎุงูุจู  ููุชูุฑุฌ  ููููุง  ุจุงูู ููุนุฌุจู ุถุญู ุฏูุงู ููุฏ ุดููููู ููุดู ูุฏูุฑ ููู ุดู ุฒูุงุฑู ูู ุญุจุณ
0,ุชุจุฑููุด ูุงุฏุดู ููู ุญุงูุถ
1,ุทุงููุณ ุงุญุณู ููุฏู ูุงูุจุฑูุงูุฌ ุฒููู
0,ุฌุงูุจูู ุจุทู ุนุงููู ุจุนููู  ูุง ููุนุฑูุด ุชูููู  ุถูุงุน ููุช ููุงุฏ ูุญููุถู ุฏูุงููู . ุฌูุจู ุจุนุฏุง ุบู ุดู ูุงุญุฏ ูุณุงูู ูุจู .
0,ุฏุงุฏูุฏูู ูุงุฑูู ุตุญุงูู ๐๐๐
0,ูุงุจูุงุด ุชููู ุญุงุฌู ุงููุฏู ุญุงุฌุงุช ๐๐๐๐๐
0,๐คฃ๐คฃ๐คฃ๐คฃ
0,๐๐๐๐๐๐๐
0,ุฌุฒุงุงุฑู ูุฑุงู ูู ูููุง ๐๐๐๐
0,ูุฑุญุงุถ  ุชุงูููุฏุง ุงูุฑูููุง  ูููู ูุฌุณ ุดุฑููู ๐๐๐
0,ุดููู ุชุงุน ููุงุจ ุฑุงุณู ูุญุจุณ ๐๐๐๐
0,๐คฃ๐คฃ๐คฃ๐คฃ๐คฃ๐คฃ๐คฃ๐คฃ๐คฃ ุจูุงุฏ ุฏููููุง ุชุฌูุจูู ๐คฎ๐คฎ๐คฎ
0,ุงูููู ุนูุงุดู ูุชุทูุฑูู ุจุณููู ุถูุงูู ุนู ุจุงูู ุนุฑุจ ๐๐๐๐๐๐ฎ๐ฎ๐ฎ๐ฎ
0,Taz a3la had cha3b nta3 el mounafikin Muslim ๐๐๐
0,ุงูุง ๐๐๐๐
0,ูู ุณุงูุงุช ูุนุงูุง ูุงุด ูุงูุช ูุชุญูููู ุฎุงุฑุฌูู ุดููุง ุนูู ุฏูู  ุงูุง ุญูุฏูู ูุชุฏููู ๐๐๐๐๐๐๐๐๐ ูู ูููู ุงููุงูู ๐๐
1,ูุญู ุฑุจ ูุนูุฏูู ุนูู ๐๐๐๐๐๐๐๐๐๐๐ ูุฏูุน ููุถุญููู ุจูุงุฏู ุตูุช ุบููุถ
1,๐๐๐๐
0,๐๐๐๐
0,ุญููุถู ๐คฎ๐คฎ๐คฎ๐คฎ๐คฎ
0,ููููุฏูุง ุดู ุฏูุงู ูู ูุญุณู ุนูุงู ๐๐๐๐
0,๐๐๐๐๐๐๐
1,ูุฌููุงุช ููุจูู ุจุบููุง ูุดููู ุงูุซุฑ ๐๐โคโค
0,ุญููุถู ๐๐๐๐
0,ูุชุจูุนูุง ุนุฌู
0,ูููุตุญุด ูุจูุงุช ูุฌูู ููุง ุบูุฑ ูู ุนูุฏูุง ุดู ูุบู ูุฏุจููู ุบูุฑ ูู ููููุด ุฎุฏู ูููุดู ุบูุฑ ูุญุงุจ
0,ูุณุฎูู ูุงูู ูุง ุนูุฏูู ูุฑุงูุง
0,ุงูุง ูุฑุงุฌูู ูุฑููุง ูู ูุงููุง ูุฎุฏุงููู ุนุงุฏ ูุฏุฑูุง ูุดุฑูู ูู ูุบุฑุจ ุจูุง ุฑุจุง ููู ูุบุฑุจ ููุงุฑููุด ูุดุงุฑูู ฺคููุงุช ูุงูุทูููุจููุงุช ูุงูููู ูุงุฏุดู ุฌุงู ููุจูุงู ููุดุฑู ูู ูุทุนููุง ุญูุงูุง ุทูุจุง
1,ูุงุฑุจ ุชููููู ูุญู ุญูู ุฏูุงูู ุงูุถู  ุตููู ุงูู ูุงุฑุจ
0,ูุงุฏุง ุฎุงุตู ูุชูุฑุณ ูู ูุฏู ุจุฌูุฌ ุจุงุด ูุงุณ ุชุณูู ูู ุดุฑู ูุงุฏ ููููุฏู
0,ุงูุช ููู ูู ุนูููู ูู ุฌููู ุงู ุดุงุง ูู
1,ุญูุฏู ูู ูุช ุญุฑู ููู ูู ูุญุจูุณ ููุงุจุบูุด ููุฑุจ ูุตุงุจุฑ ูู ูุนุทููุง ุตุจุฑ ููู ุตุจุฑ
0,ูู ุจุงุบู ูุชุตุงุญุจ ูุน ุฏุฑูู ุงุฑูุจูู ูุชุจุบูู ูุฑุญุจุง ุจูู ุฏุฑุช ููุฏูู ูู ุดุฑุญ ููู ููุงุด ุชุตุงุญุจ ูุนูุง ูููู ุชููุงูุง ูุง ุนููู ูุง ุชูุฑู ุนูู ุชุตูุฑุช ุฏูุจ ูุฏุฎู ุชูุฑุฌ ๐จ๐ต๐จ๐ต
0,ุดููุชู ุจุงููุบุฑุจ ูู ูุฎุฏ ูููู ุญู
0,ูุงูู ุนูุงุดู ุงุชุนุฌุจ ูููู ุชูุชุฎุฑูู ุจู ุฌูุณูุชูู ูุง ุชูุฌููู ุนูู ุงุณูุงุฏูู ุงูุช ุงุฎุชู ูู ุชุญูู ูููุง
0,ุณูุณ ูุงููุบุฑุจ ูุน ูุบุฑุจูุงุช ุจุฒ ูู ุงููู ูุงููุบุฑุจ
1,ูุงูุนุฌุจูู ูุณูุน ุตูุชูุง ูุงูู ุงุทูุจ ูุฑุง ุจุงููู ูููุง
1,ูุงุดุฏุณูุฑู ูุญุงูู ูููู ุจุนุฒู . ููุง ุจุบุงูุง ุจุนุถูุงุชูู
1,ูู ุบูุงููุง ููุงููุง ูู ููุฏู ููุช ููุช ูุญูุชููู ูุงุด ููุง ูุงุชูู ุบูู ุนููุง   !  ! ูุนูู ุดูุทุงู ูุฎูู ุนูุฏู ูุฑุงูู  ุจุงุนู ุจูุนูู ุนูุฑู
1,ุนูุฑู ุฏููุชู ููุณู ูู ุทูุนุชู ุชุดููู ุตูุฑู ุงูุงู ูุชุดูุฑู ุฑุงุฌูู ูู ุจุบุงูุง ููุชู ูู ูุณูู ุนููู
1,ูู ุดูุง ูุฏุฑ ูููุชูุจ ุจุงูุฑ ูู ูู
0,ูู ุญุฑูุชู ูุฌุงูุฑ ูู ุฏูุนุชู ุนูู ุจูุชู . ููููุง ุตุญูุญ ุฏูู ููููุง ุฑุจู ูููู ููุง ูููู
0,ุฑุงู ุญุชู ุฑุงุฌูู ูุญููู ุญูุช ููู ูุฏุชูุด ูุฏูู ุบุชุฏูู ุดู ุณูููุทุง ุงุฎุฑู .
0,ูุฏุฑุชู ุตุฑูู ูงูู ููุงุฏู ูู ููููู ุญูุช ูููุณ ูู ุชุงุนู ุญุฑุงู ุชุตุฏูู ุจููู  ูุงูู ูุฑุฒูู
0,ุนูุงุด ูุงุฏ ุนููุงู ูุณุชูุฒ ุชุณุชุงุธูู ุดุงุจ ุจูุงู ูููุจุนุฏ ุชูุชุจู ูุงูุฏู ูุชุดุฑุฏ ููุงุฏุง ูุงุฏ ูุตู ูุงูุชุฌุฑูุญ ููุงู ุนูุฑ ูุงูููุงู
1,ููู ูู ุบูุงุง ููู ุฑุจู ุญุฑุงู ูุฏููุง ูุงููุง ูู ููุฏูู ูุชุง ูุงุจูู ุงููู
1,ุจุงุฑู ูู ููู ูุง ุจูุงู
1,ุฑุงู ุฑุงุฌู  ุงุฎู ุจูุงู  ุชุญูุง ูุบุฑุจูู
1,ุญูุฏ ูู ูู ุนุฑูุช ุจุงุจุงู ูู ุฏุงูุฑ ูุงูู ูุงุณ ูุชุนุฑูุด ุจุงุจุงู ุดููู .. ูุน ูููุช ุชูุงูู ุจุงุจุงู
1,ุงูุช ููุงูู ูุงุจูู
1,ููุชููุง ุชููู ุฑุงุฌู ูููุดู ูุจุบูู
0,ูุง ููุญู ูุน ูู . ุฎูุงุฌ  ููุช ุฑุงุฌู  ุฏุฎูุช ูุงูุฎุณ
1,ูุงูู  ููุฑุชู  ููุฑูุชูุด  ุชุนููููู . ูุชู  ุจูุช  ุฎูุฑ
1,ููุฏ ูุงุณ ุชุจุงุฑู ูู ุนููู ูุณุชุงูู ูู ุฎูุฑ ๐ซก๐๐๐๐๐๐๐๐ ูุดูุฑุง ุนูู ุจุฑูุงูุฌ ูุชููู ุจุงูุถุญู
1,ุญูุฏ ูู ุนุดูุง ูู ุฏุงุฑ ูุญุฏู ูุงุจููุชุด ุดูุชู
1,ุดูุฑุง  2m ุนูู ูุงุฏ  ุจุฑูุงูุฌ  ุดูุฑุง ูุฏุฑุงุฑู ูุงุนุฑูู . ุถุญูุช ูู ููุจู
0,ุนุตุงุจู ุญูุฒู ููู ุจูุจู ูู ุญูู ุฌุฏูุฏู ุจุงุณู ุฑุถู ููู ุฏุจู  ูุงููููู ูุง ุงููุงุช ูุชุตููุทู ุจูุงุชูู ูุงูุงุฑุงุช ูุงูุชููุง ุณูุนู ุจุบุงูุชู ุซุฑุงุง ูุง ูุถูุญู ุจุนููููุง  ูุงุฑุจู ุชุนูู
0,ุงูุง ูุจูุงูู ุงุทุงูุจ ูู ุฌูุงูู ููู ูุญูุฏ ุณุงุฏุณ ุงุทุงู ูู ูู ุนูุฑู ุจุญุจุณ ุงุจู ุดูููู ูุงุจุฏ ูู ุณุฌู
1,ุฒููู ูู ูุจุงุฑู ุนููููุง ุฌุฏุงุจู ุฑุจู ูุฑุฒููุง ุจุงูู ูุณุชุฑูุง ููุญุณูุง ุจุงูุงูุงู ๐๐๐๐๐๐๐๐๐
0,ุนุงูู .. ูุงุถู .. ููู . ุชูุงูุงุช ..
1,ููุฌู  ูููู  ุญุงุฌ  ุจุงูุญุงุฌ  ูุชูุจุง  ุจููุฒ  ุญุฒุจ  ุชุฌูุน  ูุทูู  ูุงุญุฑุงุฑ
0,ูู ูุงูุช ุนูุฏู ุณูุทู ูุงุบููุช ููุงู ุดูู ุชููู  ุงุฑุณูุช ูู ุทุงูููุง  ุณุฌู
0,ุนูุฑ ูุงููุณู ูุงููุณุงุฏ ูู ูู ููุงู ูุงุณู ..
1,ุญูุฏฺฉ ุจูุงู ุฒุนูู ูู ุจูุฑู ููุฏ ุญููุชู ุฑุจู ููููฺฉ
1,ุฑุฌู ูุญุชุฑู ูุญุงู ูุบุจู ุจุงุจุงู ูุงููุงุณ ูุฑุจู ููุฏููุง
1,ูุง ุฑุจู ููุฏูู ููุชูุจ ุนููู ููุบูุฑ ูู ูููุจู ุญุณู ุฎุงุชูู ูุชููุช ูุงูุช ูููู ูุงู ูุนูุง ุงูู ูุฑู ุงุณูุน ููู ููุงู ุฌุฏ ุฑุงูู ููุฏูู ูุง ุฑุจ ูุบูุฑ ูู
1,๐๐ ูู ูู ุนูููุง ูุงู ููุจูู ูุฌู ุฑุจู ุฏู ุฌูุงู  ุงูุฑุงู ๐โจ
0,ุดูุงุฏ ูุง ููุฑูู  ู ุฌูุณ ูุซู ุญูุงู ูุงูุจูุงูธู  ุฌููุฏ ุงุจูุณ  ููุงุฏุง ุชุนูููู ุนูุงูู ุงููู ุดูุงุฏ
1,ุญูุฏ ูู ูุงุฑุจ
1,ูุญูุฏ ูู
1,ูู ูุญูุธู ุงุฎุชู ุนุจูุฑ
0,ุนูุจ
0,ูู ุงูุณุฎููู
1,ุงุณุนุฏ ูู ููุจู
1,ูู ููุตุฑู
0,ูู ูุงุฎุฏ ูููุง ุญู
0,ูู ูุฏูู
0,ููุงู ุฏุนุงุฑู
1,ุจูุงูู ูุงุนุฑ ุชุจุงุฑู ูู ุงูููู
